{
  "defaultSeverity": "warning",
  "extends": [
    "tslint:recommended"
  ],
  "linterOptions": {
    "exclude": [
      "node_modules/**"
    ]
  },
  "rules": {
    "quotemark": [
      true,
      "single"
    ],
    "indent": [
      true,
      "spaces",
      2
    ],
    "interface-name": false,
    "ordered-imports": false,
    "object-literal-sort-keys": false,
    "no-consecutive-blank-lines": false,
    "max-line-length": false,
    "no-console": false,
    "no-var-requires": false,
    "no-bitwise": false,
    "no-unused-expression": false,
    "no-shadowed-variable": false,
    "prefer-const": false,
    "strict-type-predicates": false,
    "no-for-in-array": false,
    "space-before-function-paren": [
      2,
      "always"
    ],
    "trailing-comma": [
      true,
      {
        "multiline": "never",
        "singleline": "never"
      }
    ]
  }
}
