{
  "jsxmsb": {
    "title": "建设项目申报",
    "name": "name",
    "label1": "项目建设阶段",
    "field1": "phases",
    "label2": "项目主管部门",
    "field2": "dept",
    "label3": "主要建设内容及规模",
    "field3": "content",
    "urlName": "jsxmsb",
    "placeholder": "搜索项目主管部门、项目名称、建设阶段"
  },
  "jsxmbg": {
    "title": "建设项目变更",
    "name": "name",
    "label1": "申请部门",
    "field1": "department",
    "label2": "联系人",
    "field2": "contact",
    "label3": "内容",
    "field3": "content",
    "urlName": "jsxmbg",
    "placeholder": "搜索项目名称、申请、联系人"
  },
  "jsxmys": {
    "title": "建设项目验收",
    "name": "name",
    "label1": "开工时间",
    "field1": "startTime",
    "label2": "完成时间",
    "field2": "endTime",
    "label3": "项目内容",
    "field3": "content",
    "urlName": "jsxmys",
    "placeholder": "搜索项目名称"
  },
  "ysbzgl": {
    "title": "预算编制管理",
    "name": "name",
    "label1": "部门",
    "field1": "",
    "label2": "预算申请（元）",
    "field2": "",
    "label3": "项目类别",
    "field3": "",
    "urlName": "",
    "placeholder": "搜索项目名称、部门、项目类别"
  },
  "ystzgl": {
    "title": "预算调整管理",
    "name": "name",
    "label1": "调整类型",
    "field1": "changeType",
    "label2": "科目类型",
    "field2": "projectType",
    "label3": "申请调整预算",
    "field3": "applyNumber",
    "urlName": "ystzgl",
    "placeholder": "搜索项目名称、调整类型、科目类别"
  },
  "ysbz": {
    "title": "预算编制",
    "name": "name",
    "label1": "项目名称",
    "field1": "name",
    "label2": "年度",
    "field2": "year",
    "label3": "申请预算",
    "field3": "applyNumber",
    "urlName": "ysbz",
    "placeholder": "搜索项目名称、部门名称、年度"
  },
  "jfsqgl": {
    "title": "经费申请管理",
    "name": "name",
    "label1": "申请部门",
    "field1": "department",
    "label2": "本次申请金额",
    "field2": "applyMount",
    "urlName": "jfsqgl",
    "placeholder": "搜索项目名称、申请部门"
  },
  "jksqgl": {
    "title": "借款申请管理",
    "name": "name",
    "label1": "申请部门",
    "field1": "department",
    "label2": "申请借款数",
    "field2": "applyMount",
    "label3": "支付类型",
    "field3": "payType",
    "urlName": "jksqgl",
    "placeholder": "搜索标题、申请部门、支付类型"
  },
  "bzsqgl": {
    "title": "报账申请管理",
    "name": "name",
    "label1": "申请部门",
    "field1": "department",
    "label2": "申请人",
    "field2": "applyPerson",
    "label3": "总报账金额",
    "field3": "totalNumber",
    "urlName": "bzsqgl",
    "placeholder": "搜索标题、申请部门、申请人"
  },
  "cgsqgl": {
    "title": "采购申请管理",
    "name": "name",
    "label1": "申请部门",
    "field1": "department",
    "label2": "采购类型",
    "field2": "purchaseType",
    "label3": "是否公开采购",
    "field3": "publicTender",
    "urlName": "cgsqgl",
    "placeholder": "搜索项目名称、申请部门、采购类型"
  },
  "zbgl": {
    "title": "招标管理",
    "name": "name",
    "label1": "开标时间",
    "field1": "openTime",
    "label2": "开标地点",
    "field2": "openAddress",
    "label3": "投标截止时间",
    "field3": "endTime",
    "urlName": "zbgl",
    "placeholder": "搜索项目名称"
  },
  "zbbggl": {
    "title": "招标变更管理",
    "name": "name",
    "label1": "申请部门",
    "field1": "department",
    "label2": "变更类型",
    "field2": "changeType",
    "urlName": "zbbggl",
    "placeholder": "搜索项目名称、申请部门、变更类型"
  },
  "dylygl": {
    "title": "单一来源管理",
    "name": "name",
    "label1": "申请部门",
    "field1": "department",
    "label2": "预算金额",
    "field2": "budgetAmount",
    "urlName": "dylygl",
    "placeholder": "搜索项目名称、申请部门"
  },
  "htsqgl": {
    "title": "合同审签管理",
    "name": "name",
    "label1": "合同状态",
    "field1": "contractStatus",
    "label2": "部门",
    "field2": "department",
    "label3": "合同金额",
    "field3": "contractAmount",
    "urlName": "htsqgl",
    "placeholder": "搜索合同名称、部门、合同状态"
  },
  "htbggl": {
    "title": "合同变更管理",
    "name": "name",
    "label1": "部门",
    "field1": "department",
    "label2": "变更描述",
    "field2": "changeDesc",
    "urlName": "htbggl",
    "placeholder": "搜索标题、部门"
  },
  "htjcgl": {
    "title": "合同解除管理",
    "name": "name",
    "label1": "部门",
    "field1": "department",
    "label2": "接触原因",
    "field2": "reason",
    "urlName": "htjcgl",
    "placeholder": "搜索标题、部门"
  },
  "zcpzgl": {
    "title": "资产配置管理",
    "name": "name",
    "label1": "部门",
    "field1": "department",
    "label2": "总价",
    "field2": "totalPrice",
    "label3": "目的用途",
    "field3": "purpose",
    "urlName": "zcpzgl",
    "placeholder": "搜索部门、资产名称"
  },
  "cgjhgl": {
    "title": "采购计划管理",
    "name": "name",
    "label1": "采购状态",
    "field1": "status",
    "label2": "部门",
    "field2": "department",
    "label3": "政府采购品目录名称",
    "field3": "catalogue",
    "label4": "总价",
    "field4": "totalPrice",
    "urlName": "cgjhgl",
    "placeholder": "搜索采购计划名称、部门"
  },
  "zcczgl": {
    "title": "资产处置管理",
    "name": "name",
    "label1": "编制单位",
    "field1": "department",
    "label2": "申请人",
    "field2": "proposer",
    "label3": "资产名称",
    "field3": "assetName",
    "label4": "处置原因",
    "field4": "handlerReason",
    "urlName": "zcczgl",
    "placeholder": "搜索编制单位、申请人、资产名称"
  },
  "czcjgl": {
    "title": "出租出借管理",
    "name": "name",
    "label1": "编制单位",
    "field1": "department",
    "label2": "承租方",
    "field2": "leasee",
    "label3": "出租、出借资产项目",
    "field3": "rentProject",
    "label4": "总金额",
    "field4": "totalPrice",
    "urlName": "czcjgl",
    "placeholder": "搜索编制单位、承租方、出租出借资产项目"
  },
  "zcdbgl": {
    "title": "资产调拨管理",
    "name": "name",
    "label1": "编制单位",
    "field1": "department",
    "label2": "资产名称",
    "field2": "assetName",
    "label3": "调拨时间",
    "field3": "allotTime",
    "label4": "资产总额",
    "field4": "assetTotal",
    "urlName": "zcdbgl",
    "placeholder": "搜索编制单位、资产名称、调拨时间、资产总额"
  },
  "zclygl": {
    "title": "资产领用管理",
    "name": "name",
    "label1": "资产名称",
    "field1": "assetName",
    "label2": "数量",
    "field2": "count",
    "label3": "领用人",
    "field3": "receivePerson",
    "label4": "领用日期",
    "field4": "receiveDate",
    "urlName": "zclygl",
    "placeholder": "搜索资产名称、领用人"
  },
  "zcyjgl": {
    "title": "资产移交管理",
    "name": "name",
    "label1": "资产名称",
    "field1": "assetName",
    "label2": "数量",
    "field2": "count",
    "label3": "移交人",
    "field3": "transferPerson",
    "label4": "移交时间",
    "field4": "transferTime",
    "urlName": "zcyjgl",
    "placeholder": "搜索资产名称、移交人"
  },
  "xmzcjx": {
    "title": "项目支出绩效",
    "name": "name",
    "label1": "主管部门",
    "field1": "department",
    "label2": "年度",
    "field2": "year",
    "label3": "绩效等级",
    "field3": "level",
    "label4": "年度预算数",
    "field4": "yearNumber",
    "label5": "分数(预算完成率)",
    "field5": "grade",
    "urlName": "jxglxmzc",
    "placeholder": "搜索项目名称、部门、年度"
  },
  "bmzcjx": {
    "title": "部门支出绩效",
    "name": "name",
    "createTime": "createTime",
    "label1": "年份",
    "field1": "year",
    "label2": "整体支出预算数",
    "field2": "yearBudget",
    "label3": "预算完成率",
    "field3": "budgetFinish",
    "urlName": "jxglbmzc",
    "placeholder": "搜索部门、年份"
  }
}
