{
  "jsxmsb": {
    "_common": "建设项目申报",
    "name": "name",
    "label1": "项目建设阶段",
    "field1": "stage",
    "label2": "项目总投资",
    "field2": "projectTotal",
    "label3": "预估金额（万元）",
    "field3": "predict",
    "label4": "计划开工时间",
    "field4": "startTime",
    "label5": "计划竣工时间",
    "field5": "endTime",
    "label6": "项目主管部门",
    "field6": "department",
    "label7": "主管部门联系人",
    "field7": "departPerson",
    "label8": "手机号码",
    "field8": "departPersonMobile",
    "label9": "项目业主单位",
    "field9": "projectCompany",
    "label10": "项目负责人",
    "field10": "projectLeader",
    "label11": "手机号码",
    "field11": "projectLeaderMobile",
    "label12": "项目申报依据",
    "field12": "evidence",
    "label13": "主要建设内容及规模",
    "field13": "content",
    "label14": "创建时间",
    "field14": "createTime",
    "urlName": "jsxmsb"
  },
  "jsxmbg": {
    "_common": "建设项目变更",
    "name": "name",
    "label1": "申请部门",
    "field1": "department",
    "label2": "联系人",
    "field2": "contact",
    "label3": "计划年度",
    "field3": "year",
    "label4": "内容",
    "field4": "content",
    "label5": "项目来源",
    "field5": "from",
    "label6": "项目建设阶段",
    "field6": "stage",
    "label7": "申报项目库类型",
    "field7": "type",
    "label8": "建设性质",
    "field8": "properties",
    "label9": "立项审批部门",
    "field9": "approvalDepartment",
    "label10": "立项时间",
    "field10": "approvalTime",
    "label11": "创建时间",
    "field11": "createTime",
    "urlName": "jsxmbg"
  },
  "jsxmys": {
    "_common": "建设项目验收",
    "title": "详情",
    "name": "name",
    "label1": "开工时间",
    "field1": "startTime",
    "label2": "完成时间",
    "field2": "endTime",
    "label3": "合同工期",
    "field3": "contractNum",
    "label4": "层数",
    "field4": "layer",
    "label5": "建筑面积",
    "field5": "constructionArea",
    "label6": "工程地址",
    "field6": "projectAddress",
    "label7": "建设单位",
    "field7": "constructionUnit",
    "label8": "勘察单位",
    "field8": "prospectingUnits",
    "label9": "设计单位",
    "field9": "designUnits",
    "label10": "监理单位",
    "field10": "supervisionUnit",
    "label11": "总承包施工单位",
    "field11": "contractingCon",
    "label12": "项目内容",
    "field12": "projectContent",
    "label13": "施工单位自检情况",
    "field13": "situation",
    "label14": "创建时间",
    "field14": "createTime",
    "urlName": "jsxmys"
  },
  "ysbz": {
    "_common": "预算编制管理",
    "urlName": "ysbzgl",
    "label1": "项目名称",
    "field1": "name",
    "label2": "年度",
    "field2": "year",
    "label3": "部门名称",
    "field3": "department",
    "label4": "申请预算",
    "field4": "applyNumber",
    "label5": "申请时间",
    "field5": "applyTime",
    "label6": "年初预算",
    "field6": "yearInit",
    "label7": "预算总额",
    "field7": "bugetTotal",
    "label8": "已下达预算数",
    "field8": "hased",
    "label9": "可支出预算",
    "field9": "available",
    "label10": "累计到账金额",
    "field10": "used",
    "label11": "可用金额",
    "field11": "useable",
    "label12": "累计调整金额",
    "field12": "usedChange",
    "label13": "累计支出数",
    "field13": "userdNumber",
    "label14": "是否合并",
    "field14": "isAdd",
    "label15": "是否是大项目",
    "field15": "isBig",
    "label16": "预算类型",
    "field16": "bugetType",
    "label17": "是否包含会议",
    "field17": "isMeeting",
    "label18": "是否包含政府采购",
    "field18": "isGovBug",
    "label19": "是否包含政府购买服务",
    "field19": "isGovServer",
    "label20": "是否直接下达计划",
    "field20": "isDrecit",
    "label21": "是否有培训预算",
    "field21": "isSkill"
  },
  "ystzgl": {
    "_common": "预算调整管理",
    "label1": "年度",
    "field1": "year",
    "label2": "部门",
    "field2": "department",
    "label3": "调整类型",
    "field3": "changeType",
    "label4": "科目类型",
    "field4": "projectType",
    "label5": "预算支出功能科目名称",
    "field5": "budgetName",
    "label6": "部门预算经济科目名称",
    "field6": "departmentName",
    "label7": "政府预算经济科目名称",
    "field7": "govermentName",
    "label8": "预算总额",
    "field8": "budgetTotal",
    "label9": "申请调整预算",
    "field9": "applyNumber",
    "label10": "调整原因",
    "field10": "reason",
    "label11": "创建时间",
    "field11": "createTime",
    "urlName": "ystzgl"
  },
  "jfsqgl": {
    "_common": "经费申请管理",
    "label1": "申请部门",
    "field1": "department",
    "label2": "部门预算经济科目名称",
    "field2": "depName",
    "label3": "政府预算经济科目名称",
    "field3": "govName",
    "label4": "预算总额",
    "field4": "predictTotal",
    "label5": "累计支出数",
    "field5": "hiTotal",
    "label6": "本次申请",
    "field6": "applyMount",
    "label7": "创建时间",
    "field7": "createTime",
    "urlName": "jfsqgl"
  },
  "jksqgl": {
    "_common": "借款申请管理",
    "label1": "申请部门",
    "field1": "department",
    "label2": "申请人",
    "field2": "applyPerson",
    "label3": "支付类型",
    "field3": "payType",
    "label4": "申请借款数",
    "field4": "applyMount",
    "label5": "历史借款数",
    "field5": "historyTotal",
    "label6": "总借款数",
    "field6": "total",
    "label7": "创建时间",
    "field7": "createTime",
    "urlName": "jksqgl"
  },
  "bzsqgl": {
    "_common": "报账申请管理",
    "label1": "申请部门",
    "field1": "department",
    "label2": "申请人",
    "field2": "applyPerson",
    "label3": "总报账金额",
    "field3": "totalNumber",
    "label4": "总借款金额",
    "field4": "borrowTotal",
    "label5": "总垫资金额",
    "field5": "advanceTotal",
    "label6": "是否合同支付",
    "field6": "isContract",
    "label7": "是否一次性支付",
    "field7": "ifFullPay",
    "label8": "说明",
    "field8": "note",
    "label9": "创建时间",
    "field9": "createTime",
    "urlName": "bzsqgl"
  },
  "cgsqgl": {
    "_common": "采购申请管理",
    "label1": "申请部门",
    "field1": "department",
    "label2": "采购类型",
    "field2": "purchaseType",
    "label3": "采购形式",
    "field3": "purchaseForm",
    "label4": "标的类型",
    "field4": "targetType",
    "label5": "采购总数量",
    "field5": "purchaseTotal",
    "label6": "本次采购预算申请",
    "field6": "purchaseBudget",
    "label7": "是否公开招标",
    "field7": "publicTender",
    "label8": "项目概况",
    "field8": "projectStatus",
    "label9": "备注",
    "field9": "remark",
    "label10": "创建时间",
    "field10": "createTime",
    "urlName": "cgsqgl"
  },
  "zbgl": {
    "_common": "招标管理",
    "name": "name",
    "label1": "申请部门",
    "field1": "department",
    "label2": "预算金额",
    "field2": "budgetAmount",
    "label3": "采购数量",
    "field3": "num",
    "label4": "开标时间",
    "field4": "openTime",
    "label5": "开标地点",
    "field5": "openAddress",
    "label6": "投标截止时间",
    "field6": "endTime",
    "label7": "公示开始时间",
    "field7": "publicStartTime",
    "label8": "公示结束时间",
    "field8": "publicEndTime",
    "label9": "供应商投标前提",
    "field9": "preStart",
    "label10": "招标类型",
    "field10": "tenderType",
    "label11": "项目内容",
    "field11": "content",
    "label12": "投标文件地点",
    "field12": "fileAddress",
    "label13": "创建时间",
    "field13": "createTime",
    "urlName": "zbgl"
  },
  "zbbggl": {
    "_common": "招标变更管理",
    "label1": "申请部门",
    "field1": "department",
    "label2": "变更类型",
    "field2": "changeType",
    "label3": "变更描述",
    "field3": "changeDesc",
    "label4": "创建时间",
    "field4": "createTime",
    "urlName": "zbbggl"
  },
  "dylygl": {
    "_common": "单一来源管理",
    "label1": "申请部门",
    "field1": "department",
    "label2": "预算金额",
    "field2": "budgetAmount",
    "label3": "采购数量",
    "field3": "num",
    "label4": "项目申报情况说明",
    "field4": "explanation",
    "label5": "采用单一来源方式的原因以及相关说明",
    "field5": "reason",
    "label6": "公示开始时间",
    "field6": "startTime",
    "label7": "公示结束时间",
    "field7": "endTime",
    "label8": "项目概况",
    "field8": "overview",
    "label9": "创建时间",
    "field9": "createTime",
    "urlName": "dylygl"
  },
  "htsqgl": {
    "_common": "合同审签管理",
    "label1": "合同状态",
    "field1": "contractStatus",
    "label2": "部门",
    "field2": "department",
    "label3": "合同金额",
    "field3": "contractAmount",
    "label4": "累计已付金额",
    "field4": "payedAmount",
    "label5": "付款百分比",
    "field5": "payedPercent",
    "label6": "本次申请额度",
    "field6": "applyNumber",
    "label7": "本次占比",
    "field7": "applyPercent",
    "label8": "合同期数",
    "field8": "contractNumber",
    "label9": "本次申请期数",
    "field9": "applyNumber",
    "label10": "合作单位",
    "field10": "collaborate",
    "label11": "合作单位联系人",
    "field11": "contact",
    "label12": "合作单位联系方式",
    "field12": "contactMobile",
    "label13": "主讲人",
    "field13": "spark",
    "label14": "谈判日期",
    "field14": "negotiationsDate",
    "label15": "是否是采购合同",
    "field15": "isBuyContract",
    "label16": "采购项目名称",
    "field16": "buyProjectName",
    "label17": "创建时间",
    "field17": "createTime",
    "urlName": "htsqgl"
  },
  "htbggl": {
    "_common": "合同变更管理",
    "label1": "部门",
    "field1": "department",
    "label2": "变更描述",
    "field2": "changeDesc",
    "label3": "原因",
    "field3": "reason",
    "label4": "合作方意见",
    "field4": "cooperationOpinion",
    "label5": "创建时间",
    "field5": "createTime",
    "urlName": "htbggl"
  },
  "htjcgl": {
    "_common": "合同解除管理",

    "label1": "部门",
    "field1": "department",
    "label2": "经办人",
    "field2": "transactor",
    "label3": "待退款金额",
    "field3": "backAmount",
    "label4": "解除原因",
    "field4": "reason",
    "label5": "合作方意见",
    "field5": "cooperationOpinion",
    "label6": "创建时间",
    "field6": "createTime",
    "urlName": "htjcgl"
  },
  "zcpzgl": {
    "_common": "资产配置管理",
    "label1": "资产名称",
    "field1": "assetName",
    "label2": "部门",
    "field2": "department",
    "label3": "规格型号",
    "field3": "specificationModel",
    "label4": "数目",
    "field4": "count",
    "label5": "单价",
    "field5": "unitPrice",
    "label6": "总价",
    "field6": "totalPrice",
    "label7": "目的用途",
    "field7": "purpose",
    "label8": "创建时间",
    "field8": "createTime",
    "urlName": "zcpzgl"
  },
  "cgjhgl": {
    "_common": "采购计划管理",
    "label1": "采购状态",
    "field1": "status",
    "label2": "部门",
    "field2": "department",
    "label3": "经办人",
    "field3": "operator",
    "label4": "政府采购品目录名称",
    "field4": "catalogue",
    "label5": "总价",
    "field5": "totalPrice",
    "label6": "标的类型",
    "field6": "signType",
    "label7": "计划采购时间",
    "field7": "planPurchaseTime",
    "label8": "重要说明",
    "field8": "importantExplanation",
    "label9": "创建时间",
    "field9": "createTime",
    "urlName": "cgjhgl"
  },
  "zcczgl": {
    "_common": "资产处置管理",
    "label1": "编制单位",
    "field1": "department",
    "label2": "申请人",
    "field2": "proposer",
    "label3": "经办人",
    "field3": "operator",
    "label4": "处置时间",
    "field4": "handlerTime",
    "label5": "资产名称",
    "field5": "assetName",
    "label6": "规格型号",
    "field6": "specificationModel",
    "label7": "数量",
    "field7": "count",
    "label8": "计量单位",
    "field8": "measureUnit",
    "label9": "总价",
    "field9": "totalPrices",
    "label10": "处置形式",
    "field10": "",
    "label11": "处置原因",
    "field11": "handlerShape",
    "label12": "创建时间",
    "field12": "createTime",
    "urlName": "zcczgl"
  },
  "czcjgl": {
    "_common": "出租出借管理",
    "label1": "编制单位",
    "field1": "department",
    "label2": "承租方",
    "field2": "leasee",
    "label3": "申请日期",
    "field3": "applyDate",
    "label4": "出租、出借资产项目",
    "field4": "rentProject",
    "label5": "总金额",
    "field5": "totalPrice",
    "label6": "资产名称",
    "field6": "assetName",
    "label7": "型号规则",
    "field7": "moduleRule",
    "label8": "数量",
    "field8": "count",
    "label9": "出租出借面积",
    "field9": "rentArea",
    "label10": "实收租金",
    "field10": "receivedRent",
    "label11": "其中，补收上年租金部分",
    "field11": "lastYearRent",
    "label12": "应收租金",
    "field12": "shouldRent",
    "label13": "次年应收金额",
    "field13": "nextYearMoney",
    "label14": "资产取得日期",
    "field14": "assetGainDate",
    "label15": "开始日期",
    "field15": "startDate",
    "label16": "结束日期",
    "field16": "endDate",
    "label17": "备注",
    "field17": "remark",
    "label18": "创建时间",
    "field18": "createTime",
    "urlName": "czcjgl"
  },
  "zctbgl": {
    "_common": "资产调拨管理",
    "label1": "编制单位",
    "field1": "department",
    "label2": "资产名称",
    "field2": "assetName",
    "label3": "规格型号",
    "field3": "specificationModel",
    "label4": "数量",
    "field4": "count",
    "label5": "调拨时间",
    "field5": "allotTime",
    "label6": "资产总额",
    "field6": "assetTotal",
    "label7": "负债总额",
    "field7": "liabilitiesTotal",
    "label8": "净资产",
    "field8": "netAsset",
    "label9": "概要",
    "field9": "outline",
    "label10": "创建时间",
    "field10": "createTime",
    "urlName": "zctbgl"
  },
  "zclygl": {
    "_common": "资产领用管理",
    "label1": "部门",
    "field1": "department",
    "label2": "领用人",
    "field2": "receivePerson",
    "label3": "领用日期",
    "field3": "receiveDate",
    "label4": "资产名称",
    "field4": "assetName",
    "label5": "规格型号",
    "field5": "specificationModel",
    "label6": "数量",
    "field6": "count",
    "label7": "计量单位",
    "field7": "measureUnit",
    "label8": "单价",
    "field8": "unitPrice",
    "label9": "创建时间",
    "field9": "createTime",
    "urlName": "zclygl"
  },
  "zcyjgl": {
    "_common": "资产移交管理",
    "label1": "部门",
    "field1": "department",
    "label2": "移交人",
    "field2": "transferPerson",
    "label3": "移交时间",
    "field3": "transferTime",
    "label4": "领用人",
    "field4": "receivePerson",
    "label5": "领用时间",
    "field5": "receiveTime",
    "label6": "资产名称",
    "field6": "assetName",
    "label7": "规格型号",
    "field7": "specificationModel",
    "label8": "数量",
    "field8": "count",
    "label9": "计量单位",
    "field9": "measureUnit",
    "label10": "单价",
    "field10": "unitPrice",
    "label11": "创建时间",
    "field11": "createTime",
    "urlName": "zcyjgl"
  },
  "xmzcjx": {
    "_common": "项目支出绩效",
    "urlName": "xmzcjx",
    "label1": "项目名称",
    "field1": "name",
    "label2": "年度",
    "field2": "year",
    "label3": "主管部门",
    "field3": "department",
    "label4": "绩效等级",
    "field4": "level",
    "label5": "实施单位",
    "field5": "company",
    "label6": "年度预算数",
    "field6": "yearNumber",
    "label7": "预算完成数(项目总支出)",
    "field7": "predictNumber",
    "label8": "分数(预算完成率)",
    "field8": "grade",
    "label9": "年度支出预算数",
    "field9": "yearPredict",
    "label10": "预算完成率",
    "field10": "predictPercent",
    "label11": "预算资金调整",
    "field11": "predictChange",
    "label12": "预算调整数",
    "field12": "changeNumber",
    "label13": "年初预算",
    "field13": "initPredict",
    "label14": "预算资金调整率",
    "field14": "predictChangePercent",
    "label15": "分数(预算调整率)",
    "field15": "gradeChange",
    "label16": "预算目标",
    "field16": "target",
    "label17": "目标实际完成情况",
    "field17": "actual",
    "label18": "总分",
    "field18": "total"
  },
  "bmzcjx": {
    "_common": "部门支出绩效",
    "name": "name",
    "label1": "年度",
    "field1": "year",
    "label2": "整体支出年度预算数",
    "field2": "yearBudget",
    "label3": "整体支出年初预算数",
    "field3": "yearFirstBudget",
    "label4": "实际支出数",
    "field4": "practicalExpend",
    "label5": "其中：一般公共预算",
    "field5": "publicBudget",
    "label6": "年度调整数",
    "field6": "yearAdjustment",
    "label7": "预算完成率",
    "field7": "budgetFinish",
    "label8": "预算调整率",
    "field8": "budgetAdjustment",
    "label9": "部门整体支出的预算目标",
    "field9": "budgetTarget",
    "label10": "部门整体支出的目标完成情况",
    "field10": "targetFinish",
    "label11": "创建时间",
    "field11": "createTime",
    "urlName": "jxglbmzc"
  }
}
